Case,Cluster,Pixels,Percent,Center_ASM,Center_CON,Center_MEAN
Original,0,75819,28.922653,0.521555,0.180128,1.701597
Original,1,20099,7.667160,0.136163,1.077420,4.158670
Original,2,120267,45.878220,0.278880,0.327721,4.355239
Original,3,45959,17.531967,0.759951,0.091952,5.845280
7x7 smoothed,0,62669,23.906326,0.857846,0.033939,1.814277
7x7 smoothed,1,30818,11.756134,0.251431,0.310720,3.956525
7x7 smoothed,2,108164,41.261292,0.447156,0.129596,4.032663
7x7 smoothed,3,60493,23.076248,0.903324,0.025501,5.487329
9x9 smoothed,0,69817,26.633072,0.865956,0.029004,1.915110
9x9 smoothed,1,49689,18.954849,0.337966,0.221171,3.127326
9x9 smoothed,2,81346,31.031036,0.490606,0.109917,4.758357
9x9 smoothed,3,61292,23.381042,0.941140,0.017126,5.365185
